id,first_name,last_name,gender,date_of_birth,age,email,phone,post_address,membership
1,Hazel,Rodriguez,Female,1/20/1992,33,Hazel@example.com,555-123-4567,"100 Main ST, Buffalo,NY 99999",Base
2,Anne,Patel,Female,12/19/1992,32,Anne@example.com,555-124-4568,"105 Main ST, Buffalo,NY 99999",Gold
3,Felix,Henderson,Male,12/21/1964,60,Felix@example.com,555-125-4569,"110 Main ST, Buffalo,NY 99999",Base
4,Eric,Solomon,Male,1/21/1984,41,Eric@example.com,555-126-4570,"115 Main ST, Buffalo,NY 99999",Gold
5,Eugenia,Lopez,Female,9/6/1976,48,Eugenia@example.com,555-127-4571,"120 Main ST, Buffalo,NY 99999",Gold
6,Hannah,Jarvis,Female,11/14/2003,21,Hannah@example.com,555-128-4572,"125 Main ST, Buffalo,NY 99999",Base
7,Mikaela,Lee,Female,12/2/1991,33,Mikaela@example.com,555-129-4573,"130 Main ST, Buffalo,NY 99999",Platinum
8,Maya,Robinson,Female,9/5/1969,55,Maya@example.com,555-130-4574,"135 Main ST, Buffalo,NY 99999",Gold
9,Gabriel,Diaz,Male,7/11/1965,59,Gabriel@example.com,555-131-4575,"140 Main ST, Buffalo,NY 99999",Base
10,Briana,Hernandez,Female,12/8/1969,55,Briana@example.com,555-132-4576,"145 Main ST, Buffalo,NY 99999",Base
11,Mario,Rogers,Male,8/14/1988,36,Mario@example.com,565-133-4577,"150 Main ST, Buffalo,NY 99999",Gold
12,Malik,Barden,Male,8/28/2004,20,Malik@example.com,565-134-4578,"155 Main ST, Buffalo,NY 99999",Base
13,Victoria,Burke,Female,4/10/1962,62,Victoria@example.com,565-135-4579,"160 Main ST, Buffalo,NY 99999",Base
14,Henry,Ross,Male,1/28/1965,60,Henry@example.com,565-136-4580,"165 Main ST, Buffalo,NY 99999",Gold
15,Joseph,Price,Male,2/3/1986,39,Joseph@example.com,565-137-4581,"170 Main ST, Buffalo,NY 99999",Platinum
16,Markus,Long,Male,5/3/2004,20,Markus@example.com,565-138-4582,"175 Main ST, Buffalo,NY 99999",Base
17,Renata,Hall,Female,3/19/1988,36,Renata@example.com,565-139-4583,"180 Main ST, Buffalo,NY 99999",Gold
18,Juan,Morgan,Male,8/12/1989,35,Juan@example.com,565-140-4584,"185 Main ST, Buffalo,NY 99999",Base
19,Quincy,Brooks,Male,1/7/1991,34,Quincy@example.com,565-141-4585,"190 Main ST, Buffalo,NY 99999",Platinum
20,Preston,Morales,Male,12/3/1999,25,Preston@example.com,565-142-4586,"195 Main ST, Buffalo,NY 99999",Base
21,Kiana,Anderson,Female,9/8/1960,64,Kiana@example.com,575-143-4587,"200 Main ST, Buffalo,NY 99999",Gold
22,Oscar,Ward,Male,3/2/1988,36,Oscar@example.com,575-144-4588,"205 Main ST, Buffalo,NY 99999",Platinum
23,Nathan,Rigby,Male,7/18/2003,21,Nathan@example.com,575-145-4589,"210 Main ST, Buffalo,NY 99999",Base
24,Andre,Lawson,Male,10/7/1983,41,Andre@example.com,585-146-4590,"215 Main ST, Buffalo,NY 99999",Base
25,Kayla,Lewis,Female,9/4/2002,22,Kayla@example.com,585-147-4591,"220 Main ST, Buffalo,NY 99999",Platinum
26,Isabel,Garcia,Female,12/4/2002,22,Isabel@example.com,585-148-4592,"225 Main ST, Buffalo,NY 99999",Base
27,Ashley,Schroeder,Female,7/16/1984,40,Ashley@example.com,585-149-4593,"230 Main ST, Buffalo,NY 99999",Gold
28,Mateo,Gomez,Male,7/11/1965,59,Mateo@example.com,585-150-4594,"235 Main ST, Buffalo,NY 99999",Platinum
29,Tomas,Richardson,Male,6/27/2007,17,Tomas@example.com,585-151-4595,"240 Main ST, Buffalo,NY 99999",Base
30,Maria,Sullivan,Female,5/26/2006,18,Maria@example.com,585-152-4596,"245 Main ST, Buffalo,NY 99999",Gold
31,Aaron,Gonzales,Male,8/11/1985,39,Aaron@example.com,585-153-4597,"250 Main ST, Buffalo,NY 99999",Platinum
32,Benjamin,Stuart,Male,6/17/1987,37,Benjamin@example.com,585-154-4598,"255 Main ST, Buffalo,NY 99999",Base
33,Anthony,Ivanov,Male,7/27/1978,46,Anthony@example.com,585-155-4599,"260 Main ST, Buffalo,NY 99999",Platinum
34,Jacob,Hancock,Male,12/14/1971,53,Jacob@example.com,595-156-4600,"265 Main ST, Buffalo,NY 99999",Gold
35,Madison,Kim,Female,9/24/1970,54,Madison@example.com,595-157-4601,"270 Main ST, Buffalo,NY 99999",Base
36,Shawn,Hughes,Male,10/1/1971,53,Shawn@example.com,595-158-4602,"275 Main ST, Buffalo,NY 99999",Base
37,Liam,Davis,Male,8/13/1963,61,Liam@example.com,595-159-4603,"280 Main ST, Buffalo,NY 99999",Gold
38,Natasha,Jones,Female,6/24/1966,58,Natasha@example.com,595-160-4604,"285 Main ST, Buffalo,NY 99999",Gold
39,Violet,Martinez,Female,3/13/1995,29,Violet@example.com,595-161-4605,"290 Main ST, Buffalo,NY 99999",Base
40,Nicole,Wagner,Female,8/7/1989,35,Nicole@example.com,595-162-4606,"295 Main ST, Buffalo,NY 99999",Base
41,Vance,DeLeon,Male,9/7/1960,64,Vance@example.com,595-163-4607,"300 Main ST, Buffalo,NY 99999",Platinum
42,Wesley,Brooks,Male,12/19/1996,28,Wesley@example.com,595-164-4608,"305 Main ST, Buffalo,NY 99999",Base
43,Hailey,Clark,Female,2/2/1961,64,Hailey@example.com,595-165-4609,"310 Main ST, Buffalo,NY 99999",Base
